SpeciesSciName,maximum length,Ecotype,common name,LFI_Fung_list,DEMPEL
Acantholabrus palloni,31,Demersal,Scale-rayed wrasse,,Demersal
Aetomylaeus bovinus,142,Benthopelagic,Bull ray,,Demersal
Agonus cataphractus,23,Demersal,Hooknose,Demersal,Demersal
Alepocephalus bairdii,31,Bathypelagic,Baird's slickhead,Demersal,Demersal
Alepocephalus rostratus,59,Bathydemersal,Risso's smooth-head,,Demersal
Alosa,47,Pelagic,Alosa,,Pelagic
Alosa agone,48,Pelagic,Agone,,Pelagic
Alosa alosa,69,Pelagic,Allis shad,,Pelagic
Alosa fallax,52,Pelagic,Twaite shad,,Pelagic
Amblyraja radiata,84,Demersal,Starry ray,Demersal,Demersal
Ammodytidae,54,Demersal,Sandeel,,Demersal
Anarhichas lupus,109,Demersal,Catfish,Demersal,Demersal
Anarhichas minor,69,Demersal,Spotted catfish,,Demersal
Anguilla anguilla,100,Demersal,European eel,Demersal,Demersal
Anthias anthias,23,Demersal,Swallowtail seaperch,,Demersal
Aphanopus carbo,109,Bathypelagic,Black scabbard,,Demersal
Apletodon dentatus,3,Demersal,Small-headed clingfish,,Demersal
Arctozenus risso,33,Bathypelagic,Spotted barracudina,,Demersal
Argentina,27,Bathydemersal,Argentine,,Demersal
Argentina silus,69,Bathydemersal,Greater argentine,,Demersal
Argentina sphyraena,38,Bathydemersal,Lesser argentine,,Demersal
Argyropelecus aculeatus,3,Bathypelagic,Lovely hatchetfish,,Demersal
Argyropelecus gigas,4,Bathypelagic,Hatchetfish,,Demersal
Argyropelecus hemigymnus,5,Bathypelagic,Half-naked hatchetfish,,Demersal
Argyropelecus olfersii,10,Bathypelagic,Hatchetfish,,Demersal
Argyrosomus regius,113,Benthopelagic,Meagre,,Demersal
Arnoglossus imperialis,22,Demersal,Imperial scaldfish,Demersal,Demersal
Arnoglossus laterna,27,Demersal,Scaldfish,Demersal,Demersal
Arnoglossus rueppelii,20,Demersal,Ruppell's scaldback,,Demersal
Arnoglossus thori,16,Demersal,Thor's scaldfish,,Demersal
Artediellus atlanticus,12,Demersal,Atlantic hookear sculpin,,Demersal
Atherina presbyter,16,Pelagic,Sand smelt,,Pelagic
Auxis rochei rochei,44,Pelagic,Bullet tuna,,Pelagic
Balistes capriscus,46,Demersal,Grey triggerfish,,Demersal
Bathysolea profundicola,27,Bathypelagic,Deepwater sole,,Demersal
Bellottia apoda,5,Bathydemersal,Bellottia,,Demersal
Belone belone,81,Pelagic,Garfish,,Pelagic
Belone svetovidovi,62,Pelagic,Short-beaked garfish,,Pelagic
Benthodesmus elongatus,60,Benthopelagic,Elongate frostfish,,Demersal
Benthosema glaciale,7,Pelagic,Glacier lantern fish,,Pelagic
Beryx decadactylus,48,Bathydemersal,Alfonsino,,Demersal
Beryx splendens,43,Benthopelagic,Spendid alfonsino,,Demersal
Blennius ocellaris,24,Demersal,Butterfly blenny,,Demersal
Bonapartia pedaliota,7,Bathypelagic,Longray fangjaw,,Demersal
Boops boops,49,Demersal,Bogue,,Demersal
Borostomias antarcticus,5,Bathydemersal,Snaggletooth,,Demersal
Bothus podas,13,Demersal,Wide-eyed flounder,,Demersal
Brama brama,57,Bathypelagic,Atlantic pomfret,,Demersal
Brosme brosme,90,Demersal,Tusk,Demersal,Demersal
Buglossidium luteum,21,Demersal,Solenette,Demersal,Demersal
Callanthias ruber,20,Demersal,Parrot seaperch,,Demersal
Callionymus lyra,38,Demersal,Dragonet,Demersal,Demersal
Callionymus maculatus,22,Demersal,Spotted dragonet,Demersal,Demersal
Callionymus reticulatus,15,Demersal,Reticulated dragonet,Demersal,Demersal
Callionymus risso,12,Demersal,Rissos dragonet,,Demersal
Capros aper,20,Demersal,Boarfish,Demersal,Demersal
Caranx rhonchus,39,Benthopelagic,False scad,,Demersal
Carapus acus,22,Demersal,Pearl fish,,Demersal
Cataetyx alleni,16,Bathydemersal,Pearl fish,,Demersal
Centrolabrus exoletus,19,Demersal,Rock cook,,Demersal
Centrolophus niger,94,Bathypelagic,Rudderfish,,Demersal
Centrophorus granulosus,109,Bathydemersal,Gulper shark,,Demersal
Centrophorus squamosus,112,Bathydemersal,Leafscale gulper shark,,Demersal
Centroscyllium fabricii,19,Bathydemersal,Black dogfish,,Demersal
Centroscymnus crepidater,77,Bathydemersal,Longnose velvet dogfish,,Demersal
Cepola macrophthalma,78,Demersal,Red bandfish,,Demersal
Ceratoscopelus maderensis,9,Bathypelagic,Madeira lantern fish,,Demersal
Chauliodus sloani,40,Bathypelagic,Sloanes viperfish,,Demersal
Chaunax pictus,31,Bathydemersal,Pink frogmouth,,Demersal
Chelidonichthys cuculus,54,Demersal,Red gurnard,Demersal,Demersal
Chelidonichthys lucerna,81,Demersal,Tub gurnard,Demersal,Demersal
Chelidonichthys obscurus,35,Demersal,Longfin gurnard,,Demersal
Chelon labrosus,64,Demersal,Thick-lipped mullet,,Demersal
Chiasmodon,18,Bathydemersal,Snaketooth,,Demersal
Chimaera monstrosa,141,Bathydemersal,Rabbit ratfish,Demersal,Demersal
Chimaera opalescens,79,Bathydemersal,Opal chimaera,,Demersal
Chirolophis ascanii,19,Benthopelagic,Yarrell's blenny,,Demersal
Chirostomias pliopterus,17,Bathypelagic,Dragonfish,,Demersal
Chlorophthalmus agassizi,23,Bathydemersal,Shortnose greeneye,,Demersal
Ciliata mustela,27,Demersal,Five-bearded rockling,Demersal,Demersal
Ciliata septentrionalis,21,Demersal,Northern rockling,Demersal,Demersal
Citharus linguatula,28,Demersal,Spotted flounder,,Demersal
Clupea harengus,61,Benthopelagic,Herring,,Pelagic
Coccorella atlantica,11,Bathypelagic,Atlantic sabretooth,,Demersal
Coelorinchus caelorhincus,51,Benthopelagic,Hollow snout grenadier,,Demersal
Coelorinchus labiatus,17,Bathydemersal,Spearsnouted grenadier,,Demersal
Conger conger,265,Demersal,Conger eel,Demersal,Demersal
Coryphaenoides rupestris,121,Bathypelagic,Roundnose grenadier,,Demersal
Coryphoblennius galerita,8,Demersal,Montagu's blenny,,Demersal
Cottunculus microps,29,Bathydemersal,Polar sculpin,,Demersal
Ctenolabrus rupestris,25,Demersal,Goldsinny wrasse,,Demersal
Cubiceps gracilis,9,Pelagic,Driftfish,,Pelagic
Cyclopterus lumpus,54,Benthopelagic,Lumpsucker,Demersal,Demersal
Cyclothone,4,Bathydemersal,bristlemouths,,Demersal
Cyttopsis rosea,29,Bathypelagic,Rosy dory,,Pelagic
Dalatias licha,140,Bathydemersal,Kitefin shark,,Demersal
Dalophis imberbis,61,Demersal,Armless snake eel,,Demersal
Dasyatis pastinaca,122,Demersal,Common stingray,,Demersal
Deania calcea,118,Bathydemersal,Birdbeak dogfish,,Demersal
Deania profundorum,109,Bathydemersal,Arrowhead dogfish,,Demersal
Dentex canariensis,31,Demersal,Canary dentex,,Demersal
Dentex dentex,49,Benthopelagic,Common dentex,,Demersal
Dentex gibbosus,94,Benthopelagic,Pink dentex,,Demersal
Dentex macrophthalmus,19,Benthopelagic,Large-eye dentex,,Demersal
Dentex maroccanus,30,Demersal,Morocco dentex,,Demersal
Diaphus,13,Bathypelagic,Lanternfishes,,Pelagic
Diaphus adenomus,8,Bathypelagic,Gilbert's large lantern fish,,Demersal
Diaphus dumerilii,11,Pelagic,lantern fish,,Pelagic
Diaphus holti,9,Bathypelagic,Small lantern fish,,Demersal
Diaphus rafinesquii,7,Bathypelagic,White-spotted lantern fish,,Demersal
Dicentrarchus labrax,87,Demersal,Bass,,Demersal
Dicentrarchus punctatus,47,Benthopelagic,Spotted seabass,,Pelagic
Dicologlossa cuneata,29,Demersal,Wedge sole,,Demersal
Dicologlossa hexophthalma,11,Demersal,Ocellated wedge sole,,Demersal
Diplecogaster bimaculata bimaculata,4,Demersal,Two-spotted clingfish,,Demersal
Diplodus annularis,20,Benthopelagic,Annular seabream,,Demersal
Diplodus bellottii,22,Benthopelagic,Senegal seabream,,Demersal
Diplodus cervinus cervinus,49,Demersal,Zebra seabream,,Demersal
Diplodus puntazzo,49,Benthopelagic,Sharpsnout seabream,,Demersal
Diplodus sargus sargus,44,Demersal,White seabream,,Demersal
Diplodus vulgaris,48,Benthopelagic,Common two-banded seabream,,Demersal
Dipturus batis,235,Demersal,Blue skate,Demersal,Demersal
Dipturus linteus,70,Bathydemersal,Sailray,Demersal,Demersal
Dipturus nidarosiensis,187,Bathydemersal,Black skate,,Demersal
Dipturus oxyrinchus,143,Bathydemersal,Longnosed skate,,Demersal
Diretmus argenteus,10,Bathypelagic,Silver spinyfin,,Demersal
Dysomma brevirostre,23,Benthopelagic,Pignosed arrowtooth eel,,Demersal
Echiichthys vipera,21,Demersal,Lesser weever,Demersal,Demersal
Echiodon dentatus,23,Demersal,Pearlfish,,Demersal
Echiodon drummondii,42,Bathydemersal,Pearlfish,Demersal,Demersal
Echiostoma barbatum,21,Bathypelagic,Threadfin dragonfish,,Demersal
Electrona risso,6,Bathypelagic,Electric lanternfish,,Pelagic
Enchelyopus cimbrius,45,Demersal,Four-bearded rockling,Demersal,Demersal
Engraulis encrasicolus,28,Pelagic,Anchovy,,Pelagic
Entelurus aequoreus,56,Demersal,Snake pipefish,Demersal,Demersal
Ephippion guttifer,43,Demersal,Prickly puffer,,Demersal
Epigonus denticulatus,21,Bathydemersal,Pencil cardinal,,Demersal
Epigonus telescopus,42,Bathydemersal,Black cardinal fish,,Demersal
Epinephelus caninus,25,Demersal,Dogtooth grouper,,Demersal
Etmopterus princeps,32,Bathydemersal,Great lanternshark,,Demersal
Etmopterus pusillus,44,Benthopelagic,Smooth lanternshark,,Demersal
Etmopterus spinax,61,Bathydemersal,Velvet belly,Demersal,Demersal
Eutrigla gurnardus,58,Demersal,Grey gurnard,Demersal,Demersal
Evermannella balbo,12,Bathypelagic,Balbo sabretooth,,Demersal
Facciolella oxyrhyncha,71,Demersal,Facciola's sorcerer,,Demersal
Gadella maraldi,22,Benthopelagic,Gadella,,Demersal
Gadiculus argenteus,21,Pelagic,Silvery pout,Demersal,Demersal
Gadiculus thori,17,Pelagic,Silver,,Pelagic
Gadus morhua,140,Benthopelagic,Cod,Demersal,Demersal
Gaidropsarus argentatus,31,Bathydemersal,Arctic rockling,Demersal,Demersal
Gaidropsarus biscayensis,18,Benthopelagic,Mediterranean bigeye rockling,,Demersal
Gaidropsarus macrophthalmus,27,Demersal,Bigeye rockling,,Demersal
Gaidropsarus mediterraneus,29,Demersal,Shore rockling,Demersal,Demersal
Gaidropsarus vulgaris,50,Demersal,Three-bearded rockling,Demersal,Demersal
Galeorhinus galeus,180,Benthopelagic,Tope,Demersal,Demersal
Galeus atlanticus,56,Bathydemersal,Atlantic sawtail cat shark,,Demersal
Galeus melastomus,100,Demersal,Black mouthed dogfish,Demersal,Demersal
Galeus murinus,59,Bathydemersal,Mouse catshark,,Demersal
Gasterosteus aculeatus aculeatus,13,Bathydemersal,Three-spined stickleback,,Demersal
Gasterosteus aculeatus williamsoni,7,Bathydemersal,Three-spined stickleback,,Demersal
Glossanodon leioglossus,18,Bathydemersal,Smalltoothed argentine,,Demersal
Glyptocephalus cynoglossus,54,Demersal,Witch,Demersal,Demersal
Gnathophis mystax,65,Demersal,Thinlip conger,,Demersal
Gobiidae,22,Demersal,gobies,Demersal,Demersal
Gonostoma elongatum,22,Bathypelagic,Elongated bristlemouth fish,,Demersal
Guttigadus latifrons,11,Bathydemersal,Guttigadus latifrons,,Demersal
Halargyreus johnsonii,35,Bathypelagic,Slender codling,,Demersal
Halobatrachus didactylus,38,Demersal,Lusitanian toadfish,,Demersal
Helicolenus dactylopterus,51,Bathydemersal,Bluemouth,Demersal,Demersal
Heptranchias perlo,131,Bathydemersal,Sharpnose sevengill shark,,Demersal
Hexanchus griseus,220,Bathydemersal,Bluntnose sixgill shark,,Demersal
Hippocampus guttulatus,15,Demersal,Long-snouted seahorse,,Demersal
Hippocampus hippocampus,16,Demersal,Short-snouted seahorse,,Demersal
Hippoglossoides platessoides,49,Demersal,Long rough dab,Demersal,Demersal
Hippoglossus hippoglossus,155,Demersal,Halibut,Demersal,Demersal
Hoplostethus atlanticus,8,Bathypelagic,Orange roughy,,Demersal
Hoplostethus cadenati,26,Bathypelagic,Black slimehead,,Demersal
Hoplostethus mediterraneus mediterraneus,29,Benthopelagic,Mediterranean slimehead,,Demersal
Howella brodiei,9,Bathypelagic,Pelagic basslet,,Demersal
Howella sherborni,6,Bathypelagic,Sherborn's pelagic bass,,Demersal
Hydrolagus mirabilis,52,Bathydemersal,Large-eyed rabbitfish,,Demersal
Hygophum benoiti,6,Bathypelagic,Benoit's lantern fish,,Demersal
Hymenocephalus gracilis,3,Bathypelagic,Slender membranehead,,Demersal
Hymenocephalus italicus,22,Benthopelagic,Glasshead grenadier,,Demersal
Icelus bicornis,10,Demersal,Twohorn sculpin,,Demersal
Labrus bergylta,48,Demersal,Ballan wrasse,,Demersal
Labrus mixtus,37,Demersal,Cuckoo wrasse,,Demersal
Lamna nasus,205,Pelagic,Porbeagle,,Pelagic
Lampadena,21,Bathypelagic,Lanternfishes,,Pelagic
Lampanyctus crocodilus,22,Bathypelagic,Jewel lanternfish,,Pelagic
Lampanyctus photonotus,10,Bathypelagic,Lanternfish,,Pelagic
Lampetra fluviatilis,39,Demersal,European river lamprey,Demersal,Demersal
Lepadogaster lepadogaster,7,Demersal,Shore clingfish,,Demersal
Lepidion eques,27,Benthopelagic,North Atlantic codling,,Demersal
Lepidopus caudatus,178,Benthopelagic,Silver scabbardfish,,Demersal
Lepidorhombus boscii,54,Demersal,Four spot megrim,,Demersal
Lepidorhombus whiffiagonis,65,Bathydemersal,Megrim,Demersal,Demersal
Lepidotrigla cavillone,17,Demersal,Large-scaled gurnard,,Demersal
Lepidotrigla dieuzeidei,20,Demersal,Spiny gurnard,,Demersal
Leptagonus decagonus,12,Demersal,Atlantic poacher,Demersal,Demersal
Leptoclinus maculatus,21,Demersal,Spotted snake blenny,Demersal,Demersal
Lestidiops jayakari jayakari,20,Bathypelagic,Pacific barracudina,,Demersal
Leucoraja circularis,142,Demersal,Sandy ray,Demersal,Demersal
Leucoraja fullonica,129,Bathydemersal,Shagreen ray,Demersal,Demersal
Leucoraja naevus,90,Demersal,Cuckoo ray,Demersal,Demersal
Limanda limanda,47,Demersal,Common dab,Demersal,Demersal
Liparis liparis liparis,19,Demersal,Striped seasnail,,Demersal
Liparis montagui,16,Demersal,Montagu's seasnail,Demersal,Demersal
Lithognathus mormyrus,41,Demersal,Striped seabream,,Demersal
Liza aurata,64,Pelagic,Golden grey mullet,,Pelagic
Liza ramada,63,Pelagic,Thinlip grey mullet,,Pelagic
Lobianchia dofleini,7,Bathypelagic,Dofleini's lantern fish,,Demersal
Lobianchia gemellarii,8,Bathypelagic,Cocco's lantern fish,,Demersal
Lophius budegassa,92,Bathydemersal,Black bellied angler,Demersal,Demersal
Lophius piscatorius,143,Bathydemersal,Angler,Demersal,Demersal
Lumpenus lampretaeformis,45,Demersal,Snakeblenny,Demersal,Demersal
Lycenchelys sarsii,19,Bathydemersal,Sar's wolf eel,Demersal,Demersal
Lycodes gracilis,27,Demersal,Eelpout,,Demersal
Lycodes vahlii,57,Bathydemersal,Vahl's eelpout,Demersal,Demersal
Macroparalepis affinis,19,Bathypelagic,Macroparalepis affine,,Demersal
Macroramphosus scolopax,27,Demersal,Longspine snipefish,,Demersal
Macrourus berglax,66,Benthopelagic,Rough-head grenadier,,Demersal
Malacocephalus laevis,79,Bathydemersal,Softhead rat tail,,Demersal
Margrethia obtusirostra,4,Bathypelagic,Bighead portholefish,,Demersal
Maurolicus muelleri,11,Bathypelagic,Pearlside,,Pelagic
Melanogrammus aeglefinus,87,Demersal,Haddock,Demersal,Demersal
Melanonus zugmayeri,21,Bathypelagic,Arrowtail,,Demersal
Melanostomias bartonbeani,26,Bathypelagic,Scaleless black dragonfish,,Demersal
Merlangius merlangus,80,Benthopelagic,Whiting,Demersal,Demersal
Merluccius merluccius,130,Demersal,Hake,Demersal,Demersal
Micrenophrys lilljeborgii,10,Demersal,Norway bullhead,,Demersal
Microchirus azevia,33,Demersal,Soles,,Demersal
Microchirus boscanion,17,Demersal,Lusitanian sole,,Demersal
Microchirus ocellatus,15,Demersal,Foureyed sole,,Demersal
Microchirus variegatus,29,Demersal,Thickback sole,Demersal,Demersal
Micromesistius poutassou,47,Bathypelagic,Blue whiting,,Pelagic
Microstomus kitt,63,Demersal,Lemon sole,Demersal,Demersal
Mola mola,100,Pelagic,Ocean sunfish,,Pelagic
Molva dypterygia,125,Demersal,Blue ling,Demersal,Demersal
Molva macrophthalma,132,Demersal,Spanish ling,,Demersal
Molva molva,155,Demersal,Ling,Demersal,Demersal
Monochirus hispidus,23,Demersal,Whiskered sole,,Demersal
Monolene microstoma,16,Demersal,Smallmouth moonflounder,,Demersal
Mora moro,68,Bathypelagic,Mora,,Demersal
Mugil cephalus,54,Benthopelagic,Flathead (grey) mullet,,Demersal
Mullus barbatus barbatus,33,Demersal,Red mullet,,Demersal
Mullus surmuletus,55,Demersal,Striped red mullet,Demersal,Demersal
Muraena helena,115,Demersal,Mediterranean moray,,Demersal
Mustelus asterias,151,Demersal,Starry smooth hound,Demersal,Demersal
Mustelus mustelus,186,Demersal,Smooth hound,Demersal,Demersal
Myctophum punctatum,14,Bathypelagic,Spotted lanternfish,,Pelagic
Myliobatis aquila,187,Benthopelagic,Common eagle ray,,Demersal
Myoxocephalus quadricornis,21,Demersal,Four-horn sculpin,Demersal,Demersal
Myoxocephalus scorpioides,27,Demersal,Arctic sculpin,Demersal,Demersal
Myoxocephalus scorpius,35,Demersal,Bullrout,Demersal,Demersal
Myxine glutinosa,79,Demersal,Hagfish,Demersal,Demersal
Nansenia tenera,13,Pelagic,Pencil smelts,,Pelagic
Naucrates ductor,31,Demersal,Pilotfish,,Demersal
Nemichthys scolopaceus,114,Bathypelagic,Slender snipe eel,,Demersal
Neoraja iberica,35,Bathydemersal,Iberian pygmy skate,,Demersal
Nerophis lumbriciformis,13,Demersal,Worm pipefish,,Demersal
Nerophis ophidion,40,Demersal,Straight-nosed pipefish,Demersal,Demersal
Nesiarchus nasutus,75,Benthopelagic,Black gemfish,,Demersal
Nessorhamphus ingolfianus,46,Bathypelagic,Duckbill oceanic eel,,Demersal
Nettastoma melanurum,60,Bathydemersal,Blackfin scorcerer,,Demersal
Nezumia,11,Benthopelagic,Rattails,,Demersal
Nezumia aequalis,49,Benthopelagic,Common Atlantic Grenadier,,Demersal
Nezumia sclerorhynchus,18,Bathypelagic,Roughtip grenadier,,Demersal
Notacanthus bonaparte,35,Bathypelagic,Shortfin spiny eel,,Demersal
Notoscopelus,15,Pelagic,Lanternfishes,,Pelagic
Notoscopelus elongatus,5,Pelagic,Lanternfishes,,Pelagic
Notoscopelus kroyeri,17,Pelagic,Lancet fish,,Pelagic
Ophichthus rufus,55,Demersal,Rufus snake-eel,,Demersal
Ophidion barbatum,33,Demersal,Snake blenny,,Demersal
Ophisurus serpens,167,Demersal,Serpent eel,,Demersal
Opisthoproctus soleatus,4,Bathypelagic,Barrel-eye,,Demersal
Osmerus eperlanus,27,Pelagic,Smelt,,Pelagic
Oxynotus centrina,61,Bathydemersal,Angular roughshark,,Demersal
Oxynotus paradoxus,70,Bathydemersal,Sailfin roughshark,,Demersal
Pagellus acarne,42,Benthopelagic,Spanish sea bream,,Demersal
Pagellus bellottii,30,Demersal,Red pandora,,Demersal
Pagellus bogaraveo,41,Benthopelagic,Red sea bream,,Demersal
Pagellus erythrinus,50,Benthopelagic,Pandora,Demersal,Demersal
Pagrus auriga,60,Benthopelagic,Redbanded seabream,,Demersal
Pagrus caeruleostictus,15,Benthopelagic,Bluespotted seabream,,Demersal
Pagrus pagrus,99,Benthopelagic,Common seabream,,Demersal
Parablennius gattorugine,17,Demersal,Tompot blenny,,Demersal
Paralepis coregonoides,21,Bathypelagic,Sharpchin barracudina,,Demersal
Paraliparis membranaceus,8,Bathydemersal,Snailfish,,Demersal
Parapristipoma octolineatum,27,Demersal,African striped grunt,,Demersal
Parasudis fraserbrunneri,20,Bathydemersal,Greeneye,,Demersal
Pegusa lascaris,35,Demersal,Sand sole,Demersal,Demersal
Peristedion cataphractum,30,Demersal,African armoured searobin,,Demersal
Petromyzon marinus,80,Demersal,Sea lamprey,Demersal,Demersal
Pholis gunnellus,34,Demersal,Butterfish,Demersal,Demersal
Photostomias guernei,10,Bathypelagic,Barbeled dragonfish,,Demersal
Phrynorhombus norvegicus,15,Demersal,Norwegian topknot,Demersal,Demersal
Phycis blennoides,81,Benthopelagic,Greater forkbeard,Demersal,Demersal
Phycis phycis,50,Benthopelagic,Forkbeard,,Demersal
Physiculus dalwigki,26,Benthopelagic,Black codling,,Demersal
Platichthys flesus,61,Demersal,Flounder,Demersal,Demersal
Plectorhinchus mediterraneus,33,Demersal,Rubberlip grunt,,Demersal
Pleuronectes platessa,67,Demersal,Plaice,Demersal,Demersal
Pollachius pollachius,98,Benthopelagic,Pollack,Demersal,Demersal
Pollachius virens,126,Demersal,Saithe,Demersal,Demersal
Polymetme corythaeola,25,Benthopelagic,Rendezvous fish,,Demersal
Polymetme thaeocoryla,21,Bathydemersal,Lightfish,,Demersal
Polyprion americanus,62,Demersal,Wreckfish,,Demersal
Pomadasys incisus,29,Demersal,Bastard grunt,,Demersal
Pomatomus saltatrix,37,Pelagic,Bluefish,,Pelagic
Pontinus kuhlii,22,Bathydemersal,Offshore rockfish,,Demersal
Poromitra capito,10,Bathypelagic,Ridgehead,,Demersal
Protomyctophum arcticum,6,Bathypelagic,Artic telescope,,Demersal
Pteroplatytrygon violacea,130,Pelagic,Pelagic stingray,,Pelagic
Pterycombus brama,42,Pelagic,Atlantic fanfish,,Pelagic
Raja asterias,76,Demersal,Mediterranean starry ray,,Demersal
Raja brachyura,109,Demersal,Blond ray,Demersal,Demersal
Raja clavata,116,Demersal,Thornback ray,Demersal,Demersal
Raja microocellata,89,Demersal,Small eyed ray,Demersal,Demersal
Raja miraletus,59,Demersal,Brown ray,,Demersal
Raja montagui,102,Demersal,Spotted ray,Demersal,Demersal
Raja undulata,101,Demersal,Undulate ray,Demersal,Demersal
Rajella bathyphila,110,Bathydemersal,Deepwater ray,,Demersal
Rajella fyllae,50,Bathydemersal,Round ray,,Demersal
Raniceps raninus,25,Demersal,Tadpole fish,Demersal,Demersal
Ranzania laevis,28,Pelagic,Slender sunfish,,Pelagic
Remora remora,13,Pelagic,Shark sucker,,Pelagic
Rostroraja alba,143,Demersal,White skate,,Demersal
Ruvettus pretiosus,75,Benthopelagic,Oilfish,,Demersal
Sagamichthys schnakenbecki,29,Bathypelagic,Schnakenbeck's searsid,,Demersal
Salmo,66,Benthopelagic,Salmo,,Demersal
Salmo salar,72,Benthopelagic,Salmon,,Demersal
Salmo trutta trutta,72,Pelagic,Sea trout,,Pelagic
Sander lucioperca,6,Pelagic,Pike perch,,Pelagic
Sarda sarda,58,Pelagic,Atlantic bonito,,Pelagic
Sardina pilchardus,31,Pelagic,Pilchard,,Pelagic
Sardinella aurita,34,Pelagic,Round sardinella,,Pelagic
Sarpa salpa,38,Benthopelagic,Salema,,Demersal
Schedophilus medusophagus,58,Pelagic,Cornish blackfish,,Pelagic
Schedophilus ovalis,10,Benthopelagic,Imperial blackfish,,Demersal
Scomber colias,42,Pelagic,Atlantic chub mackerel,,Pelagic
Scomber scombrus,56,Pelagic,Mackerel,,Pelagic
Scomberesox saurus saurus,37,Pelagic,Atlantic saury,,Pelagic
Scophthalmus maximus,88,Demersal,Turbot,Demersal,Demersal
Scophthalmus rhombus,65,Demersal,Brill,Demersal,Demersal
Scorpaena,41,Demersal,rockfishes,,Demersal
Scorpaena elongata,16,Demersal,Slender rockfish,,Demersal
Scorpaena loppei,18,Demersal,Cadenat's rockfish,,Demersal
Scorpaena notata,29,Demersal,Small red scorpionfish,,Demersal
Scorpaena porcus,36,Demersal,Black scorpionfish,,Demersal
Scorpaena scrofa,53,Demersal,Scorpionfish,Demersal,Demersal
Scorpaenidae,15,Demersal,Scorpionfish,,Demersal
Scyliorhinus canicula,115,Demersal,Lesser spotted dogfish,Demersal,Demersal
Scyliorhinus stellaris,120,Demersal,Nurse hound,Demersal,Demersal
Scymnodon ringens,134,Bathypelagic,Knifetooth dogfish,,Demersal
Searsia koefoedi,11,Bathypelagic,Koefoed's searsid,,Demersal
Sebastes mentella,5,Bathypelagic,Redfish,,Demersal
Sebastes norvegicus,73,Pelagic,Golden redfish,,Pelagic
Sebastes viviparus,41,Demersal,Norway haddock,Demersal,Demersal
Serranus cabrilla,32,Demersal,Comber,,Demersal
Serranus hepatus,27,Demersal,Brown comber,,Demersal
Serranus scriba,23,Demersal,Painted comber,,Demersal
Serrivomer beanii,55,Bathypelagic,Stout sawpalate,,Demersal
Setarches guentheri,11,Benthopelagic,Channeled rockfish,,Demersal
Sigmops bathyphilus,21,Bathypelagic,Spark anglemouth,,Demersal
Solea senegalensis,47,Demersal,Senegalese sole,,Demersal
Solea solea,54,Demersal,Dover sole,Demersal,Demersal
Somniosus microcephalus,155,Benthopelagic,Greenland shark,Demersal,Demersal
Somniosus rostratus,115,Bathydemersal,Little sleeper shark,,Demersal
Sparus aurata,66,Demersal,Gilthead seabream,,Demersal
Sphoeroides pachygaster,47,Benthopelagic,Blunthead puffer,,Demersal
Sphyraena sphyraena,41,Pelagic,European barracuda,,Pelagic
Spicara maena,23,Pelagic,Blotched picarel,,Pelagic
Spicara smaris,20,Pelagic,Picarel,,Pelagic
Spinachia spinachia,28,Benthopelagic,Fifteen spined stickleback,,Demersal
Spondyliosoma cantharus,68,Benthopelagic,Black sea bream,Demersal,Demersal
Spratelloides,16,Pelagic,Spratlike,,Pelagic
Sprattus sprattus,18,Pelagic,Sprat,,Pelagic
Squalus acanthias,128,Benthopelagic,Spurdog,Demersal,Demersal
Squalus blainville,80,Demersal,Longnose spurdog,,Demersal
Squalus megalops,72,Bathydemersal,Shortnose spurdog,,Demersal
Squalus uyato,86,Demersal,Little gulper shark,,Demersal
Stomias boa boa,29,Bathypelagic,Boa dragonfish,,Demersal
Stomias boa ferox,23,Bathypelagic,Boa dragonfish,,Demersal
Stromateus fiatola,44,Benthopelagic,Blue butterfish,,Demersal
Symbolophorus veranyi,11,Bathypelagic,Large-scale lantern fish,,Demersal
Symphodus,38,Demersal,wrasses,,Demersal
Symphodus bailloni,23,Demersal,Baillon's wrasse,,Demersal
Symphodus melops,25,Demersal,Corkwing wrasse,,Demersal
Symphodus roissali,9,Demersal,Five-spotted wrasse,,Demersal
Symphurus nigrescens,16,Demersal,Tonguesole,,Demersal
Synaphobranchus kaupii,45,Bathydemersal,Kaup's arrowtooth eel,,Demersal
Synchiropus phaeton,25,Demersal,Phaeton dragonet,,Demersal
Syngnathus,46,Demersal,pipefishes,Demersal,Demersal
Syngnathus acus,59,Demersal,Great pipefish,Demersal,Demersal
Syngnathus rostellatus,22,Demersal,Nilsson's pipefish,Demersal,Demersal
Syngnathus typhle,31,Demersal,Broad-nosed pipefish,Demersal,Demersal
Taurulus bubalis,24,Demersal,Sea scorpion,Demersal,Demersal
Tetronarce nobiliana,99,Benthopelagic,Electric ray,,Demersal
Thunnus thynnus,53,Pelagic,Bluefin tuna,,Pelagic
Torpedo marmorata,59,Demersal,Marbled electric ray,,Demersal
Torpedo nobiliana,175,Demersal,electric ray,,Demersal
Torpedo torpedo,51,Demersal,Eyed electric ray,,Demersal
Trachinus draco,45,Demersal,Greater weever,Demersal,Demersal
Trachipterus arcticus,158,Bathypelagic,Dealfish,,Demersal
Trachipterus trachypterus,79,Bathypelagic,Mediterranean dealfish,,Demersal
Trachurus mediterraneus,55,Pelagic,Mediterranean horse mackerel,,Pelagic
Trachurus picturatus,42,Benthopelagic,Blue jack mackerel,,Demersal
Trachurus trachurus,59,Pelagic,Horse mackerel,,Pelagic
Trachyrincus murrayi,17,Benthopelagic,Murray's rat tail,Demersal,Demersal
Trachyrincus scabrus,57,Bathydemersal,Roughsnout grenadier,,Demersal
Trachyscorpia cristulata cristulata,13,Demersal,Atlantic thornyhead,,Demersal
Trachyscorpia cristulata echinata,52,Bathydemersal,Spiny scorpionfish,,Demersal
Trigla lyra,56,Bathydemersal,Piper gurnard,,Demersal
Trigloporus lastoviza,41,Demersal,Streaked gurnard,Demersal,Demersal
Triglops murrayi,15,Demersal,Moustache sculpin,Demersal,Demersal
Trisopterus esmarkii,32,Benthopelagic,Norway pout,Demersal,Demersal
Trisopterus luscus,48,Benthopelagic,Bib,Demersal,Demersal
Trisopterus minutus,33,Benthopelagic,Poor cod,Demersal,Demersal
Umbrina canariensis,47,Demersal,Canary drum,,Demersal
Umbrina cirrosa,43,Demersal,Shi drum,,Demersal
Umbrina ronchus,25,Demersal,Fusca drum,,Demersal
Uranoscopus scaber,33,Demersal,Stargazer,,Demersal
Vinciguerria poweriae,6,Bathypelagic,Power's deep-water bristle-mouth,,Demersal
Xenodermichthys copei,21,Bathypelagic,Bluntsnout smooth-head,,Demersal
Xenolepidichthys dalgleishi,15,Benthopelagic,Spotted tinselfish,,Demersal
Xiphias gladius,154,Pelagic,Swordfish,,Pelagic
Zenion hololepis,12,Bathydemersal,Zenion hololepis,,Demersal
Zenopsis conchifer,72,Benthopelagic,Silvery John dory,,Demersal
Zeugopterus punctatus,30,Demersal,Topknot,Demersal,Demersal
Zeugopterus regius,17,Demersal,Eckstrom's topknot,Demersal,Demersal
Zeus faber,99,Benthopelagic,John dory,Demersal,Demersal
Zoarces viviparus,29,Demersal,Viviparous blenny,Demersal,Demersal
Zoarcidae,30,Bathydemersal,eelpouts,Demersal,Demersal
Hyperoplus immaculatus,54,Demersal,Sandeel,,Demersal
